id_selected,imp,skill_id,rank
0,78.0,33,4.0
0,78.0,43,5.0
0,79.0,67,3.0
0,80.0,58,2.0
0,87.0,2,1.0
1,75.0,40,3.0
1,75.0,18,4.0
1,75.0,1,5.0
1,80.0,67,2.0
1,82.0,42,1.0
2,78.0,33,5.0
2,78.0,66,4.0
2,81.0,27,3.0
2,85.0,40,2.0
2,86.0,17,1.0
3,82.0,4,5.0
3,85.0,67,4.0
3,85.0,25,3.0
3,92.0,58,2.0
3,96.0,2,1.0
4,75.0,25,4.0
4,75.0,51,5.0
4,78.0,58,3.0
4,84.0,55,2.0
4,86.0,67,1.0
5,78.0,55,5.0
5,79.0,37,4.0
5,82.0,60,3.0
5,91.0,2,1.0
5,91.0,58,2.0
6,72.0,25,4.0
6,72.0,51,5.0
6,75.0,16,3.0
6,80.0,60,2.0
6,81.0,67,1.0
7,81.0,25,5.0
7,86.0,67,4.0
7,87.0,55,3.0
7,99.0,2,2.0
7,100.0,58,1.0
8,78.0,27,5.0
8,83.0,67,4.0
8,85.0,55,3.0
8,85.0,36,2.0
8,100.0,60,1.0
9,74.0,40,5.0
9,75.0,1,4.0
9,75.0,51,3.0
9,78.0,67,2.0
9,86.5,17,1.0
10,78.0,36,4.0
10,78.0,24,5.0
10,80.0,55,3.0
10,81.0,37,2.0
10,83.0,67,1.0
11,83.0,13,5.0
11,89.0,67,4.0
11,91.0,52,3.0
11,93.0,40,1.0
11,93.0,55,2.0
12,75.0,56,4.0
12,75.0,15,5.0
12,78.0,25,2.0
12,78.0,16,3.0
12,97.0,22,1.0
13,75.0,51,4.0
13,75.0,24,5.0
13,77.0,67,3.0
13,81.0,14,2.0
13,82.0,49,1.0
14,78.0,28,5.0
14,81.0,16,4.0
14,85.0,24,3.0
14,94.0,55,2.0
14,98.0,37,1.0
15,91.0,58,5.0
15,91.0,51,3.0
15,91.0,24,4.0
15,97.0,25,2.0
15,100.0,2,1.0
16,76.0,40,4.0
16,76.0,55,5.0
16,78.0,25,3.0
16,94.0,17,2.0
16,96.0,31,1.0
17,75.0,25,5.0
17,78.0,66,4.0
17,78.0,51,3.0
17,81.0,67,2.0
17,100.0,60,1.0
18,78.0,28,5.0
18,81.0,16,4.0
18,81.0,15,3.0
18,85.0,55,2.0
18,85.0,37,1.0
19,78.0,51,3.0
19,78.0,60,4.0
19,78.0,34,5.0
19,79.0,55,2.0
19,87.0,36,1.0
20,85.0,25,5.0
20,86.0,67,4.0
20,91.0,40,3.0
20,92.0,37,2.0
20,93.0,55,1.0
21,75.0,25,4.0
21,75.0,51,5.0
21,82.0,55,3.0
21,83.0,67,2.0
21,94.0,60,1.0
22,83.33333333,16,5.0
22,89.0,25,4.0
22,89.66666667,43,3.0
22,96.0,58,2.0
22,100.0,2,1.0
23,89.0,67,5.0
23,94.0,43,4.0
23,97.0,25,3.0
23,98.0,58,2.0
23,99.0,2,1.0
24,69.0,51,5.0
24,72.0,12,4.0
24,73.0,55,3.0
24,74.0,13,2.0
24,80.0,61,1.0
25,72.0,25,4.0
25,72.0,51,5.0
25,74.0,55,3.0
25,90.0,22,2.0
25,97.0,61,1.0
26,75.0,43,5.0
26,75.0,18,4.0
26,75.0,25,3.0
26,76.0,40,2.0
26,97.0,52,1.0
27,75.0,33,4.0
27,75.0,43,5.0
27,75.0,25,2.0
27,75.0,56,3.0
27,78.0,55,1.0
28,75.0,25,5.0
28,78.0,15,4.0
28,83.0,55,3.0
28,85.0,28,2.0
28,96.0,37,1.0
29,72.0,67,5.0
29,72.0,51,4.0
29,74.0,2,3.0
29,78.0,25,2.0
29,94.0,55,1.0
30,72.0,25,3.0
30,72.0,51,4.0
30,72.0,24,5.0
30,74.0,55,2.0
30,83.0,48,1.0
31,79.0,2,5.0
31,81.0,25,4.0
31,86.0,55,3.0
31,88.0,40,2.0
31,91.0,67,1.0
32,72.0,25,5.0
32,75.0,24,4.0
32,77.0,6,3.0
32,78.0,16,2.0
32,86.0,55,1.0
33,75.0,25,4.0
33,75.0,51,5.0
33,79.0,67,3.0
33,81.0,58,2.0
33,95.0,60,1.0
34,75.0,25,5.0
34,78.0,51,4.0
34,80.0,55,3.0
34,81.0,40,1.0
34,81.0,16,2.0
35,74.0,37,5.0
35,75.0,15,4.0
35,78.0,28,3.0
35,81.0,67,1.0
35,81.0,16,2.0
36,76.0,67,5.0
36,78.0,16,4.0
36,83.0,55,3.0
36,87.0,37,2.0
36,88.0,25,1.0
37,78.0,16,4.0
37,78.0,7,5.0
37,83.5,55,3.0
37,90.0,6,2.0
37,94.0,4,1.0
38,73.0,2,5.0
38,75.0,15,3.0
38,75.0,28,4.0
38,83.0,37,2.0
38,84.0,55,1.0
39,78.0,16,5.0
39,80.0,55,4.0
39,81.0,15,2.0
39,81.0,28,3.0
39,83.0,37,1.0
40,81.0,33,5.0
40,83.0,55,4.0
40,85.0,25,3.0
40,91.0,16,2.0
40,99.0,39,1.0
41,72.0,51,5.0
41,73.0,13,4.0
41,75.0,1,1.0
41,75.0,16,3.0
41,75.0,24,2.0
42,85.0,25,3.0
42,85.0,55,4.0
42,85.0,16,5.0
42,91.0,58,2.0
42,95.0,2,1.0
43,75.0,25,3.0
43,75.0,16,5.0
43,75.0,24,4.0
43,81.0,15,2.0
43,85.0,37,1.0
44,78.0,43,5.0
44,78.0,25,4.0
44,80.0,2,3.0
44,83.0,67,2.0
44,86.0,60,1.0
45,75.0,37,5.0
45,76.0,2,4.0
45,77.0,67,3.0
45,78.0,25,2.0
45,90.0,58,1.0
46,72.0,25,3.0
46,72.0,51,4.0
46,72.0,24,5.0
46,74.0,17,2.0
46,85.0,31,1.0
47,58.0,40,4.0
47,58.0,55,5.0
47,60.0,16,3.0
47,63.0,22,2.0
47,71.0,67,1.0
48,73.5,51,5.0
48,77.0,45,4.0
48,80.5,61,3.0
48,83.0,13,2.0
48,85.5,21,1.0
49,78.0,25,4.0
49,78.0,51,5.0
49,81.0,55,3.0
49,82.0,40,2.0
49,84.0,67,1.0
50,84.0,42,4.0
50,84.0,45,5.0
50,90.0,61,3.0
50,92.0,13,2.0
50,97.0,21,1.0
51,72.0,51,5.0
51,75.0,25,4.0
51,77.0,67,3.0
51,78.0,24,2.0
51,82.0,60,1.0
52,73.0,67,5.0
52,74.0,40,4.0
52,75.0,55,3.0
52,75.0,51,2.0
52,94.0,20,1.0
53,78.0,24,4.0
53,78.0,7,5.0
53,79.0,55,3.0
53,86.0,36,2.0
53,88.0,34,1.0
54,81.0,25,5.0
54,82.0,40,4.0
54,86.0,55,3.0
54,95.0,52,2.0
54,98.0,2,1.0
55,79.0,37,5.0
55,81.0,18,3.0
55,81.0,1,4.0
55,88.0,16,2.0
55,91.0,15,1.0
56,75.0,25,5.0
56,78.0,14,4.0
56,83.0,55,3.0
56,87.0,67,2.0
56,93.0,49,1.0
57,75.0,51,3.0
57,75.0,21,4.0
57,75.0,45,5.0
57,77.0,55,2.0
57,82.0,13,1.0
58,72.0,25,5.0
58,72.0,3,4.0
58,76.0,40,3.0
58,87.0,55,2.0
58,96.0,49,1.0
59,78.0,66,5.0
59,81.0,43,4.0
59,94.0,25,3.0
59,97.0,2,2.0
59,100.0,58,1.0
60,71.45454545,24,5.0
60,72.0,51,4.0
60,73.90909091,61,3.0
60,78.0,13,2.0
60,88.63636364,21,1.0
61,78.0,25,5.0
61,81.0,15,3.0
61,81.0,28,4.0
61,92.0,55,2.0
61,99.0,37,1.0
62,75.0,1,5.0
62,75.0,25,3.0
62,75.0,56,4.0
62,81.0,67,2.0
62,87.0,40,1.0
63,78.0,55,5.0
63,78.0,51,4.0
63,80.33333333,34,3.0
63,81.33333333,24,2.0
63,94.66666667,36,1.0
64,75.0,25,5.0
64,78.0,43,4.0
64,84.0,67,2.0
64,84.0,55,3.0
64,86.0,49,1.0
65,72.0,25,4.0
65,72.0,48,5.0
65,80.0,22,3.0
65,87.0,61,2.0
65,87.0,41,1.0
66,72.0,27,5.0
66,73.0,37,4.0
66,79.0,55,3.0
66,82.0,13,2.0
66,90.0,48,1.0
67,85.0,27,3.0
67,85.0,51,4.0
67,85.0,16,5.0
67,88.0,66,2.0
67,94.0,40,1.0
68,75.0,25,5.0
68,82.0,67,3.0
68,82.0,55,4.0
68,86.0,37,2.0
68,88.0,40,1.0
69,66.0,25,4.0
69,66.0,51,5.0
69,66.5,48,3.0
69,75.5,55,2.0
69,92.5,22,1.0
70,72.0,51,5.0
70,72.0,56,4.0
70,75.0,25,2.0
70,75.0,16,3.0
70,85.0,12,1.0
71,73.0,51,5.0
71,74.0,25,4.0
71,74.33333333,55,3.0
71,77.33333333,26,2.0
71,79.33333333,67,1.0
72,70.0,51,5.0
72,71.0,24,4.0
72,72.0,25,2.0
72,72.0,16,3.0
72,78.66666667,67,1.0
73,75.0,25,4.0
73,75.0,16,5.0
73,78.0,15,3.0
73,94.0,55,2.0
73,94.0,37,1.0
74,82.0,61,5.0
74,84.0,45,4.0
74,94.0,13,3.0
74,94.0,44,2.0
74,100.0,21,1.0
75,75.0,40,5.0
75,78.0,24,4.0
75,82.0,13,3.0
75,84.0,61,2.0
75,97.0,21,1.0
76,76.0,45,5.0
76,78.0,51,3.0
76,78.0,61,4.0
76,81.0,13,2.0
76,94.0,21,1.0
77,72.0,40,5.0
77,72.0,25,4.0
77,75.0,16,3.0
77,75.0,24,2.0
77,78.0,7,1.0
78,81.0,55,4.0
78,81.0,24,5.0
78,84.0,13,3.0
78,84.0,44,2.0
78,88.0,21,1.0
79,75.0,67,4.0
79,75.0,51,3.0
79,75.0,16,5.0
79,89.0,29,2.0
79,93.0,61,1.0
80,66.0,1,5.0
80,67.0,60,4.0
80,68.0,55,3.0
80,69.0,25,2.0
80,75.0,67,1.0
81,76.0,55,5.0
81,81.0,61,4.0
81,83.0,13,3.0
81,86.0,29,2.0
81,90.0,21,1.0
82,73.0,51,5.0
82,74.33333333,2,4.0
82,74.33333333,55,3.0
82,75.0,67,2.0
82,93.0,60,1.0
83,75.0,3,5.0
83,78.0,24,3.0
83,78.0,34,4.0
83,84.0,55,2.0
83,88.0,36,1.0
84,78.0,34,5.0
84,82.0,13,4.0
84,87.0,21,3.0
84,87.0,44,2.0
84,88.0,45,1.0
85,75.0,51,5.0
85,82.0,13,3.0
85,82.0,45,4.0
85,87.0,44,2.0
85,91.0,21,1.0
86,72.0,66,5.0
86,72.0,56,4.0
86,72.0,3,3.0
86,75.0,25,1.0
86,75.0,51,2.0
87,78.0,2,3.0
87,78.0,58,5.0
87,78.0,24,4.0
87,84.0,67,2.0
87,91.0,60,1.0
88,67.0,22,5.0
88,69.0,25,4.0
88,71.0,48,3.0
88,80.0,49,2.0
88,84.0,67,1.0
89,73.2,24,5.0
89,73.8,25,4.0
89,75.6,16,3.0
89,78.4,55,2.0
89,84.2,41,1.0
90,75.0,25,4.0
90,75.0,51,5.0
90,78.0,67,3.0
90,83.0,29,2.0
90,98.0,61,1.0
91,75.0,25,4.0
91,75.0,51,5.0
91,77.0,36,3.0
91,78.0,67,2.0
91,96.0,60,1.0
92,75.0,25,4.0
92,75.0,16,5.0
92,79.0,41,3.0
92,84.0,55,2.0
92,86.0,49,1.0
93,75.0,1,5.0
93,75.0,25,2.0
93,75.0,51,4.0
93,75.0,56,3.0
93,81.0,17,1.0
94,75.0,43,4.0
94,75.0,37,3.0
94,75.0,16,5.0
94,79.0,67,2.0
94,90.0,39,1.0
95,75.0,27,5.0
95,76.0,61,4.0
95,78.0,13,3.0
95,92.0,48,2.0
95,98.0,21,1.0
96,79.0,55,5.0
96,83.0,36,3.0
96,83.0,45,4.0
96,84.0,44,2.0
96,91.0,34,1.0
97,74.0,36,5.0
97,75.0,25,4.0
97,77.0,67,3.0
97,78.0,55,2.0
97,84.0,60,1.0
98,70.0,37,5.0
98,71.0,2,4.0
98,71.0,55,3.0
98,72.0,25,2.0
98,77.0,67,1.0
99,81.0,24,5.0
99,88.0,2,4.0
99,89.0,58,3.0
99,91.0,25,1.0
99,91.0,16,2.0
100,74.0,25,4.0
100,74.0,55,5.0
100,75.0,24,3.0
100,77.0,51,2.0
100,88.0,21,1.0
101,74.0,42,5.0
101,75.0,24,4.0
101,77.0,13,3.0
101,84.0,12,2.0
101,86.0,21,1.0
102,75.0,25,4.0
102,75.0,56,5.0
102,81.0,40,3.0
102,83.0,67,2.0
102,90.0,20,1.0
103,69.0,25,4.0
103,69.0,51,5.0
103,70.0,36,3.0
103,77.0,55,2.0
103,81.0,67,1.0
104,75.0,1,5.0
104,75.0,51,4.0
104,77.0,67,3.0
104,88.0,40,2.0
104,95.0,12,1.0
105,72.0,25,4.0
105,72.0,51,5.0
105,75.0,24,3.0
105,77.0,21,2.0
105,85.0,42,1.0
106,72.0,66,3.0
106,72.0,51,2.0
106,72.0,24,4.0
106,72.0,38,5.0
106,98.0,48,1.0
107,63.0,25,5.0
107,63.0,3,4.0
107,66.0,27,3.0
107,72.0,51,2.0
107,87.0,48,1.0
108,72.0,25,4.0
108,72.0,51,5.0
108,75.0,55,3.0
108,75.0,56,2.0
108,76.0,40,1.0
109,72.0,34,5.0
109,75.0,25,2.0
109,75.0,51,3.0
109,75.0,24,4.0
109,82.0,55,1.0
110,78.0,25,5.0
110,79.0,55,4.0
110,80.0,67,3.0
110,96.0,58,2.0
110,97.0,2,1.0
111,85.0,24,5.0
111,87.0,55,4.0
111,91.0,25,2.0
111,91.0,16,3.0
111,93.0,31,1.0
112,69.0,61,5.0
112,70.0,67,3.0
112,70.0,12,4.0
112,71.0,49,2.0
112,72.0,22,1.0
113,75.0,25,5.0
113,78.0,27,3.0
113,78.0,51,4.0
113,88.0,30,2.0
113,93.0,13,1.0
114,75.0,25,4.0
114,75.0,24,5.0
114,76.0,67,3.0
114,78.0,51,2.0
114,94.0,48,1.0
115,72.0,25,5.0
115,75.0,42,4.0
115,79.0,12,3.0
115,87.0,21,2.0
115,95.0,61,1.0
116,81.0,51,5.0
116,82.0,61,4.0
116,84.0,13,3.0
116,84.0,48,2.0
116,97.0,21,1.0
117,75.0,25,3.0
117,75.0,16,5.0
117,75.0,24,4.0
117,81.0,55,2.0
117,83.0,67,1.0
118,79.0,55,5.0
118,81.0,34,4.0
118,84.0,67,3.0
118,88.0,36,2.0
118,93.0,60,1.0
119,72.0,25,5.0
119,78.5,41,4.0
119,81.0,24,3.0
119,87.5,7,2.0
119,95.5,55,1.0
120,75.0,43,5.0
120,75.0,25,4.0
120,78.0,40,3.0
120,83.0,41,2.0
120,84.0,55,1.0
121,75.0,25,5.0
121,78.0,16,4.0
121,78.0,24,3.0
121,82.0,55,2.0
121,93.0,31,1.0
122,69.0,51,5.0
122,72.0,25,2.0
122,72.0,16,3.0
122,72.0,7,4.0
122,86.0,67,1.0
123,75.0,27,4.0
123,75.0,25,3.0
123,75.0,51,5.0
123,83.0,55,2.0
123,90.0,20,1.0
124,78.0,3,5.0
124,81.0,34,4.0
124,84.0,48,3.0
124,98.0,13,2.0
124,100.0,45,1.0
125,69.0,57,5.0
125,72.0,51,2.0
125,72.0,53,3.0
125,72.0,50,4.0
125,83.0,42,1.0
126,72.0,38,4.0
126,72.0,10,5.0
126,75.0,35,3.0
126,76.0,21,2.0
126,99.0,48,1.0
127,61.0,22,5.0
127,65.0,12,4.0
127,72.0,55,3.0
127,81.0,48,2.0
127,84.0,61,1.0
128,72.0,1,5.0
128,72.0,25,4.0
128,75.0,16,3.0
128,78.0,43,2.0
128,80.0,2,1.0
129,76.0,67,5.0
129,77.0,55,4.0
129,78.0,25,3.0
129,82.0,29,2.0
129,94.0,61,1.0
130,75.0,25,4.0
130,75.0,51,5.0
130,78.0,16,3.0
130,85.0,55,2.0
130,87.0,37,1.0
131,75.0,27,3.0
131,75.0,51,4.0
131,75.0,24,5.0
131,95.0,13,2.0
131,100.0,30,1.0
132,62.0,49,5.0
132,64.0,12,4.0
132,72.0,16,3.0
132,75.0,25,2.0
132,77.0,67,1.0
133,70.66666667,36,5.0
133,72.0,51,3.0
133,72.0,16,4.0
133,72.33333333,12,2.0
133,78.33333333,40,1.0
134,74.0,37,4.0
134,74.0,64,5.0
134,75.0,67,2.0
134,75.0,17,3.0
134,78.0,51,1.0
135,75.0,51,5.0
135,84.0,17,4.0
135,84.0,55,3.0
135,85.0,60,2.0
135,88.0,67,1.0
136,72.0,25,5.0
136,81.0,7,4.0
136,88.0,41,3.0
136,95.0,55,2.0
136,97.0,24,1.0
137,72.0,51,5.0
137,75.0,25,3.0
137,75.0,16,4.0
137,83.0,67,2.0
137,100.0,60,1.0
138,70.0,64,5.0
138,72.0,25,3.0
138,72.0,16,4.0
138,86.0,67,1.0
138,86.0,49,2.0
139,77.0,55,5.0
139,78.0,2,3.0
139,78.0,33,4.0
139,83.0,67,2.0
139,90.0,60,1.0
140,75.0,25,5.0
140,78.0,24,4.0
140,79.0,37,3.0
140,86.0,55,2.0
140,100.0,4,1.0
141,78.0,51,5.0
141,80.0,55,4.0
141,81.0,16,3.0
141,88.0,25,2.0
141,91.0,47,1.0
142,77.0,13,5.0
142,77.0,44,4.0
142,82.0,55,3.0
142,85.0,34,2.0
142,91.0,36,1.0
143,75.0,43,4.0
143,75.0,1,3.0
143,75.0,25,2.0
143,75.0,16,5.0
143,83.0,67,1.0
144,69.0,40,5.0
144,82.0,55,4.0
144,83.0,20,3.0
144,85.0,17,2.0
144,91.0,67,1.0
145,72.0,25,4.0
145,72.0,51,5.0
145,73.0,55,3.0
145,82.0,60,2.0
145,83.0,67,1.0
146,75.0,25,5.0
146,78.0,7,4.0
146,81.0,16,3.0
146,94.0,55,2.0
146,94.0,41,1.0
147,75.0,66,4.0
147,75.0,24,5.0
147,76.5,40,2.0
147,76.5,51,3.0
147,84.5,26,1.0
148,75.0,25,5.0
148,78.0,34,4.0
148,87.0,45,3.0
148,88.0,13,2.0
148,96.0,21,1.0
149,72.0,25,5.0
149,76.0,40,3.0
149,76.0,21,4.0
149,80.0,55,2.0
149,95.0,29,1.0
150,53.0,43,5.0
150,53.0,56,4.0
150,59.5,25,3.0
150,65.5,55,2.0
150,81.5,22,1.0
151,75.0,18,5.0
151,75.0,66,4.0
151,75.0,25,3.0
151,77.0,49,2.0
151,80.0,55,1.0
152,71.0,40,4.0
152,71.0,55,5.0
152,72.0,25,2.0
152,72.0,51,3.0
152,92.0,67,1.0
153,72.0,25,5.0
153,76.0,36,4.0
153,81.0,59,3.0
153,87.0,44,2.0
153,89.0,12,1.0
154,73.0,51,5.0
154,74.5,25,3.0
154,74.5,24,4.0
154,78.5,31,2.0
154,80.66666667,55,1.0
155,78.0,67,5.0
155,79.0,55,4.0
155,79.0,36,3.0
155,87.0,17,2.0
155,90.0,31,1.0
156,71.0,48,5.0
156,73.0,22,4.0
156,80.0,55,3.0
156,82.0,41,2.0
156,84.0,61,1.0
157,71.0,52,5.0
157,72.0,33,4.0
157,74.0,55,3.0
157,85.0,40,2.0
157,91.0,67,1.0
158,60.0,51,5.0
158,63.0,67,1.0
158,63.0,33,3.0
158,63.0,1,2.0
158,63.0,16,4.0
159,64.0,2,5.0
159,69.0,33,4.0
159,70.0,37,3.0
159,75.0,15,2.0
159,76.0,67,1.0
160,75.0,18,5.0
160,75.0,51,4.0
160,75.0,56,3.0
160,76.0,40,2.0
160,90.0,67,1.0
161,60.0,51,4.0
161,60.0,53,5.0
161,61.0,42,3.0
161,63.0,1,2.0
161,66.0,25,1.0
162,75.0,25,4.0
162,75.0,51,5.0
162,78.5,55,3.0
162,93.0,31,2.0
162,94.0,17,1.0
163,75.0,16,5.0
163,75.0,24,4.0
163,78.0,33,3.0
163,78.0,25,2.0
163,81.0,67,1.0
164,69.0,67,5.0
164,69.0,56,4.0
164,72.0,1,3.0
164,74.0,12,2.0
164,91.0,59,1.0
165,63.0,16,5.0
165,63.0,28,4.0
165,65.0,37,3.0
165,69.0,15,2.0
165,76.0,67,1.0
166,75.0,25,4.0
166,75.0,24,5.0
166,91.0,55,2.0
166,91.0,16,3.0
166,97.0,41,1.0
167,72.0,25,5.0
167,76.0,13,4.0
167,76.0,61,3.0
167,82.0,48,2.0
167,91.0,21,1.0
168,75.0,51,4.0
168,75.0,24,5.0
168,76.0,13,3.0
168,81.0,34,2.0
168,94.0,44,1.0
169,72.0,17,5.0
169,77.0,2,4.0
169,80.0,55,3.0
169,86.0,60,2.0
169,87.0,67,1.0
170,84.0,55,5.0
170,85.0,30,4.0
170,88.0,34,3.0
170,94.0,13,2.0
170,97.0,45,1.0
171,66.0,33,5.0
171,67.0,49,4.0
171,69.0,16,3.0
171,72.0,25,2.0
171,86.0,67,1.0
172,78.0,7,5.0
172,81.0,25,3.0
172,81.0,24,4.0
172,91.0,41,2.0
172,99.0,55,1.0
173,78.0,66,5.0
173,78.0,51,4.0
173,80.0,20,3.0
173,81.0,16,2.0
173,85.0,25,1.0
174,53.0,15,5.0
174,53.0,3,4.0
174,60.0,56,3.0
174,63.0,25,2.0
174,86.0,22,1.0
175,72.0,51,5.0
175,73.0,55,3.0
175,73.0,45,4.0
175,75.0,36,2.0
175,92.0,67,1.0
176,69.0,25,5.0
176,71.0,13,4.0
176,72.0,24,3.0
176,74.0,21,2.0
176,97.0,48,1.0
177,78.0,25,3.0
177,78.0,51,4.0
177,78.0,24,5.0
177,84.0,55,2.0
177,86.0,40,1.0
178,56.0,1,3.0
178,56.0,16,5.0
178,56.0,24,4.0
178,60.0,55,2.0
178,66.0,59,1.0
179,72.0,40,5.0
179,75.0,25,3.0
179,75.0,24,4.0
179,79.0,31,2.0
179,83.0,55,1.0
180,75.0,33,5.0
180,75.0,25,4.0
180,80.0,55,3.0
180,82.0,67,2.0
180,86.0,2,1.0
181,60.0,25,5.0
181,65.0,55,4.0
181,66.0,16,3.0
181,81.0,37,2.0
181,82.0,67,1.0
182,66.0,25,5.0
182,69.0,21,4.0
182,70.0,67,3.0
182,71.0,41,2.0
182,86.0,48,1.0
183,75.0,25,4.0
183,75.0,51,5.0
183,83.0,36,3.0
183,88.0,67,2.0
183,93.0,60,1.0
184,75.0,27,4.0
184,75.0,66,5.0
184,76.0,61,3.0
184,78.0,51,2.0
184,90.0,21,1.0
185,80.0,58,5.0
185,80.0,55,4.0
185,84.0,2,3.0
185,93.0,36,2.0
185,98.0,60,1.0
186,72.0,43,5.0
186,72.0,25,3.0
186,72.0,55,4.0
186,75.0,15,2.0
186,77.0,37,1.0
187,69.0,55,5.0
187,69.0,61,4.0
187,73.0,13,3.0
187,82.0,42,2.0
187,83.0,29,1.0
188,75.0,25,4.0
188,75.0,16,5.0
188,78.0,24,3.0
188,81.0,13,2.0
188,95.0,21,1.0
189,69.0,24,5.0
189,72.0,51,4.0
189,75.0,55,3.0
189,77.0,61,2.0
189,82.0,48,1.0
190,75.0,43,5.0
190,75.0,1,4.0
190,75.0,25,2.0
190,75.0,56,3.0
190,84.0,40,1.0
191,75.0,27,3.0
191,75.0,25,2.0
191,75.0,51,4.0
191,75.0,31,5.0
191,79.0,55,1.0
192,71.0,40,5.0
192,72.0,25,4.0
192,73.5,37,3.0
192,74.5,67,2.0
192,82.0,17,1.0
193,78.0,25,4.0
193,78.0,51,5.0
193,81.0,55,2.0
193,81.0,24,3.0
193,81.0,26,1.0
194,71.0,67,5.0
194,72.0,25,2.0
194,72.0,56,4.0
194,72.0,29,3.0
194,73.0,12,1.0
195,75.0,25,5.0
195,78.0,16,4.0
195,78.0,15,3.0
195,86.0,37,2.0
195,90.0,55,1.0
196,75.0,56,5.0
196,78.0,25,3.0
196,78.0,16,4.0
196,99.0,55,2.0
196,99.0,41,1.0
197,69.0,25,3.0
197,69.0,29,4.0
197,69.0,53,5.0
197,72.0,51,2.0
197,77.0,42,1.0
198,69.0,51,5.0
198,70.0,61,4.0
198,76.0,67,3.0
198,79.0,17,2.0
198,84.0,29,1.0
199,75.0,25,5.0
199,76.0,64,4.0
199,94.0,20,3.0
199,94.0,53,2.0
199,97.0,50,1.0
200,75.0,25,5.0
200,78.0,16,4.0
200,85.0,15,3.0
200,87.0,37,2.0
200,91.0,55,1.0
201,78.0,3,5.0
201,81.0,51,3.0
201,81.0,24,4.0
201,83.0,55,2.0
201,85.0,34,1.0
202,80.0,26,5.0
202,81.0,66,3.0
202,81.0,51,2.0
202,81.0,30,4.0
202,99.0,13,1.0
203,66.0,51,4.0
203,66.0,16,5.0
203,67.0,17,3.0
203,69.0,25,2.0
203,70.0,31,1.0
204,75.0,25,4.0
204,75.0,11,5.0
204,78.0,33,3.0
204,82.0,55,2.0
204,89.0,67,1.0
205,75.0,51,4.0
205,75.0,24,5.0
205,76.0,48,3.0
205,97.0,30,2.0
205,100.0,13,1.0
206,75.0,51,5.0
206,89.0,13,4.0
206,92.0,61,3.0
206,99.0,48,1.0
206,99.0,21,2.0
207,75.0,25,2.0
207,75.0,16,4.0
207,75.0,24,3.0
207,75.0,7,5.0
207,85.0,55,1.0
208,68.16666667,67,5.0
208,69.0,25,3.0
208,69.0,51,4.0
208,70.0,24,2.0
208,74.0,55,1.0
209,75.0,24,5.0
209,78.0,51,4.0
209,83.0,13,3.0
209,85.0,55,2.0
209,92.0,26,1.0
210,69.0,51,5.0
210,72.0,25,2.0
210,72.0,55,3.0
210,72.0,60,4.0
210,82.0,67,1.0
211,78.0,55,3.0
211,78.0,16,5.0
211,78.0,14,4.0
211,83.0,49,2.0
211,88.0,67,1.0
212,66.27272727,42,5.0
212,66.81818182,48,4.0
212,67.0,51,3.0
212,70.36363636,13,2.0
212,81.45454545,21,1.0
213,75.0,16,5.0
213,75.0,24,4.0
213,76.0,37,3.0
213,79.0,55,2.0
213,100.0,64,1.0
214,71.0,37,5.0
214,72.0,25,3.0
214,72.0,24,4.0
214,73.0,55,2.0
214,75.0,16,1.0
215,75.0,51,5.0
215,78.0,55,4.0
215,83.0,2,2.0
215,83.0,17,3.0
215,83.0,31,1.0
216,68.0,21,5.0
216,69.0,3,4.0
216,72.0,25,1.0
216,72.0,51,2.0
216,72.0,24,3.0
217,72.33333333,25,5.0
217,73.33333333,16,4.0
217,74.0,24,3.0
217,74.33333333,51,2.0
217,76.44444444,55,1.0
218,63.0,33,5.0
218,63.0,51,4.0
218,68.0,17,3.0
218,72.0,55,2.0
218,74.0,67,1.0
219,78.0,25,5.0
219,81.0,16,4.0
219,81.0,14,3.0
219,83.0,49,2.0
219,86.0,67,1.0
220,75.0,16,5.0
220,75.0,24,4.0
220,78.0,55,2.0
220,78.0,15,3.0
220,81.0,37,1.0
221,71.0,25,4.0
221,71.0,51,5.0
221,73.0,53,3.0
221,76.33333333,50,2.0
221,79.66666667,20,1.0
222,66.0,33,4.0
222,66.0,25,3.0
222,66.0,16,5.0
222,68.0,55,2.0
222,70.0,67,1.0
223,75.0,57,3.0
223,75.0,32,4.0
223,75.0,62,5.0
223,76.0,48,2.0
223,84.0,42,1.0
224,63.0,56,5.0
224,66.0,25,4.0
224,68.0,40,3.0
224,75.0,49,2.0
224,87.0,67,1.0
225,67.0,55,5.0
225,68.0,40,4.0
225,69.0,25,2.0
225,69.0,51,3.0
225,72.0,16,1.0
226,72.0,43,5.0
226,75.0,25,3.0
226,75.0,16,4.0
226,81.0,1,2.0
226,92.0,67,1.0
227,63.0,33,5.0
227,63.0,25,4.0
227,66.0,16,3.0
227,70.0,55,2.0
227,88.0,67,1.0
228,69.0,25,3.0
228,69.0,51,4.0
228,69.0,14,5.0
228,71.0,49,2.0
228,75.0,47,1.0
229,69.0,25,5.0
229,70.0,55,4.0
229,72.0,51,3.0
229,75.0,24,2.0
229,86.0,36,1.0
230,72.0,25,4.0
230,72.0,24,5.0
230,75.0,16,3.0
230,77.0,60,2.0
230,84.0,67,1.0
231,72.0,51,5.0
231,75.0,25,2.0
231,75.0,55,3.0
231,75.0,34,4.0
231,99.0,36,1.0
232,56.0,40,4.0
232,56.0,51,5.0
232,60.0,49,3.0
232,66.0,59,2.0
232,85.0,67,1.0
233,75.0,16,5.0
233,76.0,31,4.0
233,78.0,25,3.0
233,79.0,67,2.0
233,80.0,55,1.0
234,66.0,25,4.0
234,66.0,55,5.0
234,67.0,12,3.0
234,73.0,48,2.0
234,86.0,41,1.0
235,72.0,25,5.0
235,75.0,51,2.0
235,75.0,24,4.0
235,75.0,26,3.0
235,78.33333333,13,1.0
236,75.0,51,5.0
236,76.2,25,3.0
236,76.2,55,4.0
236,84.0,17,2.0
236,85.8,31,1.0
237,60.0,25,5.0
237,61.0,55,4.0
237,68.0,67,2.0
237,68.0,60,3.0
237,69.0,1,1.0
238,69.0,25,4.0
238,69.0,45,5.0
238,74.0,60,3.0
238,76.0,55,2.0
238,89.0,67,1.0
239,59.5,51,5.0
239,61.0,13,4.0
239,67.0,61,3.0
239,76.5,29,2.0
239,80.5,42,1.0
240,75.0,16,5.0
240,78.0,55,4.0
240,79.0,20,3.0
240,87.0,17,2.0
240,99.0,67,1.0
241,69.0,43,5.0
241,69.0,24,4.0
241,72.0,25,3.0
241,77.0,55,2.0
241,89.0,67,1.0
242,56.0,1,5.0
242,56.0,25,4.0
242,66.0,43,3.0
242,67.0,31,2.0
242,78.0,17,1.0
243,71.0,12,5.0
243,73.0,13,4.0
243,77.0,42,3.0
243,78.0,48,1.0
243,78.0,35,2.0
244,72.0,32,5.0
244,75.0,55,4.0
244,80.0,48,3.0
244,85.0,65,2.0
244,86.0,67,1.0
245,53.0,25,4.0
245,53.0,51,5.0
245,55.0,12,3.0
245,63.0,42,2.0
245,72.0,53,1.0
246,47.0,53,5.0
246,49.0,20,4.0
246,53.0,54,3.0
246,56.0,50,2.0
246,58.0,67,1.0
247,59.0,55,5.0
247,60.0,33,3.0
247,60.0,16,4.0
247,63.0,43,2.0
247,77.0,67,1.0
248,60.0,51,3.0
248,60.0,50,5.0
248,60.0,57,4.0
248,66.0,1,1.0
248,66.0,53,2.0
249,72.0,16,5.0
249,72.0,24,4.0
249,78.0,41,3.0
249,83.0,55,2.0
249,92.0,22,1.0
250,49.0,42,5.0
250,50.0,57,4.0
250,53.0,1,3.0
250,56.0,53,2.0
250,78.0,50,1.0
251,70.0,55,5.0
251,72.0,17,4.0
251,73.0,13,3.0
251,73.0,21,2.0
251,83.0,42,1.0
252,72.0,51,4.0
252,72.0,24,5.0
252,75.0,21,2.0
252,75.0,30,3.0
252,89.0,13,1.0
253,69.0,25,4.0
253,69.0,24,5.0
253,72.0,61,3.0
253,79.0,21,2.0
253,82.0,42,1.0
254,47.0,25,4.0
254,47.0,56,5.0
254,53.0,1,3.0
254,60.0,67,1.0
254,60.0,55,2.0
255,77.0,67,5.0
255,78.0,25,3.0
255,78.0,16,4.0
255,98.0,55,1.0
255,98.0,63,2.0
256,61.0,55,5.0
256,63.0,43,4.0
256,66.0,67,2.0
256,66.0,33,3.0
256,69.0,25,1.0
257,50.0,3,5.0
257,51.0,61,4.0
257,52.0,12,3.0
257,53.0,24,2.0
257,63.0,51,1.0
258,73.0,17,5.0
258,75.0,32,4.0
258,83.0,29,3.0
258,84.0,67,2.0
258,91.0,42,1.0
259,63.0,55,4.0
259,63.0,30,5.0
259,69.0,16,3.0
259,69.0,13,2.0
259,87.0,67,1.0
260,68.0,37,5.0
260,73.0,55,4.0
260,77.0,67,3.0
260,77.0,41,2.0
260,86.0,48,1.0
261,85.0,66,5.0
261,87.0,55,4.0
261,94.0,25,2.0
261,94.0,51,3.0
261,98.0,31,1.0
262,69.0,53,5.0
262,75.0,57,4.0
262,78.0,32,2.0
262,78.0,62,3.0
262,94.0,42,1.0
263,45.0,59,5.0
263,47.0,1,4.0
263,50.0,42,3.0
263,51.0,55,2.0
263,66.0,12,1.0
264,58.0,55,5.0
264,63.0,61,4.0
264,64.0,29,3.0
264,68.0,13,2.0
264,73.0,42,1.0
265,78.0,51,5.0
265,81.0,25,4.0
265,85.0,24,3.0
265,93.0,55,2.0
265,100.0,31,1.0
266,72.0,53,3.0
266,72.0,32,5.0
266,72.0,54,4.0
266,79.0,21,2.0
266,80.0,48,1.0
267,64.0,64,5.0
267,66.0,25,2.0
267,66.0,55,3.0
267,66.0,20,4.0
267,69.0,51,1.0
268,69.0,51,5.0
268,69.0,56,4.0
268,72.0,25,3.0
268,76.0,67,2.0
268,83.0,40,1.0
269,61.0,55,5.0
269,63.0,33,4.0
269,63.0,25,3.0
269,66.0,16,2.0
269,67.0,67,1.0
270,75.0,55,4.0
270,75.0,51,3.0
270,75.0,24,5.0
270,76.0,13,2.0
270,91.0,64,1.0
271,75.0,25,3.0
271,75.0,51,4.0
271,75.0,30,5.0
271,90.0,13,2.0
271,93.0,26,1.0
272,75.0,25,5.0
272,78.0,51,4.0
272,83.0,55,3.0
272,87.0,6,2.0
272,94.0,24,1.0
273,67.0,67,5.0
273,69.0,51,3.0
273,69.0,54,4.0
273,72.0,25,1.0
273,72.0,12,2.0
274,65.66666667,16,5.0
274,67.66666667,25,4.0
274,78.0,55,3.0
274,79.0,67,2.0
274,82.66666667,11,1.0
275,72.0,51,5.0
275,73.0,55,3.0
275,73.0,13,4.0
275,75.0,40,2.0
275,86.0,52,1.0
276,69.0,2,4.0
276,69.0,1,3.0
276,69.0,16,5.0
276,72.0,33,2.0
276,75.0,43,1.0
277,63.0,13,5.0
277,65.0,55,4.0
277,68.0,36,2.0
277,68.0,44,3.0
277,72.0,25,1.0
278,73.5,25,4.0
278,73.5,51,5.0
278,76.5,67,3.0
278,83.0,31,2.0
278,91.0,17,1.0
279,72.0,25,5.0
279,77.0,67,4.0
279,78.0,42,3.0
279,78.0,48,2.0
279,98.0,21,1.0
280,56.0,51,5.0
280,58.0,55,4.0
280,63.0,25,3.0
280,70.0,49,2.0
280,71.0,67,1.0
281,68.0,13,5.0
281,69.0,1,4.0
281,72.0,25,3.0
281,74.0,31,2.0
281,78.0,17,1.0
282,66.0,27,5.0
282,75.0,24,4.0
282,76.0,55,3.0
282,88.0,35,2.0
282,96.0,48,1.0
283,50.0,43,5.0
283,52.0,55,4.0
283,53.0,16,3.0
283,54.0,67,2.0
283,72.0,17,1.0
284,78.0,51,4.0
284,78.0,45,5.0
284,85.0,13,3.0
284,85.0,61,2.0
284,91.0,21,1.0
285,61.0,42,4.0
285,61.0,17,5.0
285,63.0,37,3.0
285,66.0,50,2.0
285,67.0,12,1.0
286,57.0,48,5.0
286,60.0,17,4.0
286,69.0,55,3.0
286,85.0,67,2.0
286,87.0,65,1.0
287,80.0,65,5.0
287,81.0,25,3.0
287,81.0,16,4.0
287,83.0,17,2.0
287,86.0,67,1.0
288,53.0,25,5.0
288,56.0,53,3.0
288,56.0,50,4.0
288,59.0,37,2.0
288,62.0,42,1.0
289,68.0,31,5.0
289,75.0,25,4.0
289,76.0,48,3.0
289,85.0,11,2.0
289,96.0,55,1.0
290,68.0,55,4.0
290,68.0,49,5.0
290,72.0,25,2.0
290,72.0,16,3.0
290,76.0,67,1.0
291,60.0,24,5.0
291,63.0,25,4.0
291,76.0,67,3.0
291,81.0,55,2.0
291,87.0,60,1.0
292,46.0,55,5.0
292,47.0,51,3.0
292,47.0,16,4.0
292,50.0,25,2.0
292,52.0,67,1.0
293,68.5,13,5.0
293,72.0,21,4.0
293,75.5,29,3.0
293,78.0,55,2.0
293,89.0,61,1.0
294,66.0,51,3.0
294,66.0,53,4.0
294,66.0,50,5.0
294,69.0,13,2.0
294,72.0,42,1.0
295,60.0,67,5.0
295,62.0,40,4.0
295,63.0,51,3.0
295,65.0,17,2.0
295,66.0,1,1.0
296,68.0,40,5.0
296,69.0,16,4.0
296,72.0,44,3.0
296,74.0,55,2.0
296,89.0,67,1.0
297,60.0,57,5.0
297,68.0,12,4.0
297,72.0,53,2.0
297,72.0,50,3.0
297,74.0,42,1.0
298,62.0,55,5.0
298,69.0,1,3.0
298,69.0,25,2.0
298,69.0,16,4.0
298,76.0,67,1.0
299,56.0,36,5.0
299,60.0,43,4.0
299,66.0,16,3.0
299,69.0,25,2.0
299,82.0,67,1.0
300,72.0,14,5.0
300,73.0,55,4.0
300,75.0,43,3.0
300,89.0,67,2.0
300,98.0,49,1.0
301,50.0,40,5.0
301,53.0,8,4.0
301,59.0,55,3.0
301,68.0,42,2.0
301,77.0,67,1.0
302,75.0,51,5.0
302,78.0,53,4.0
302,82.0,67,3.0
302,91.0,20,2.0
302,91.0,50,1.0
303,65.0,55,5.0
303,69.0,33,4.0
303,72.0,25,2.0
303,72.0,16,3.0
303,87.0,67,1.0
304,63.0,1,5.0
304,63.0,51,4.0
304,73.0,65,3.0
304,77.0,41,2.0
304,78.0,48,1.0
305,62.0,2,5.0
305,63.0,55,4.0
305,64.0,37,3.0
305,66.0,25,1.0
305,66.0,16,2.0
306,68.25,16,5.0
306,68.5,40,4.0
306,69.0,66,3.0
306,69.75,1,2.0
306,70.5,25,1.0
307,69.0,1,5.0
307,72.0,51,3.0
307,72.0,24,4.0
307,75.0,34,2.0
307,75.0,44,1.0
308,57.0,55,5.0
308,63.0,13,4.0
308,66.0,42,3.0
308,67.0,67,2.0
308,87.0,29,1.0
309,72.0,51,5.0
309,73.0,55,4.0
309,75.0,21,2.0
309,75.0,30,3.0
309,88.0,13,1.0
310,75.0,25,5.0
310,78.0,67,4.0
310,85.0,55,3.0
310,93.0,31,2.0
310,98.0,17,1.0
311,71.0,40,5.0
311,72.0,25,2.0
311,72.0,51,4.0
311,72.0,56,3.0
311,73.0,55,1.0
312,75.0,66,5.0
312,75.0,25,3.0
312,75.0,51,4.0
312,83.0,26,2.0
312,84.0,67,1.0
313,69.0,53,5.0
313,69.0,57,4.0
313,78.0,8,3.0
313,81.0,13,2.0
313,92.0,42,1.0
314,63.0,24,5.0
314,67.0,22,4.0
314,69.0,25,3.0
314,70.0,44,2.0
314,80.0,55,1.0
315,60.0,25,4.0
315,60.0,50,5.0
315,63.0,51,3.0
315,66.0,42,1.0
315,66.0,53,2.0
316,73.0,51,4.0
316,73.0,16,5.0
316,74.66666667,67,3.0
316,78.66666667,40,2.0
316,86.66666667,20,1.0
317,60.0,25,5.0
317,63.0,62,4.0
317,72.0,32,3.0
317,76.0,67,1.0
317,76.0,42,2.0
318,64.5,50,5.0
318,65.0,67,4.0
318,70.5,62,3.0
318,72.0,32,2.0
318,89.5,42,1.0
319,72.0,1,5.0
319,72.0,25,4.0
319,75.0,43,2.0
319,75.0,16,3.0
319,94.0,17,1.0
320,61.0,65,5.0
320,63.0,25,4.0
320,67.0,55,3.0
320,81.0,48,2.0
320,88.0,41,1.0
321,45.0,31,5.0
321,53.0,55,4.0
321,57.0,12,3.0
321,61.0,59,2.0
321,66.0,67,1.0
322,64.0,67,5.0
322,66.0,32,3.0
322,66.0,62,4.0
322,76.0,48,2.0
322,77.0,42,1.0
323,63.0,55,5.0
323,65.0,37,4.0
323,66.0,25,3.0
323,75.0,58,2.0
323,76.0,67,1.0
324,53.0,25,5.0
324,54.0,67,4.0
324,55.0,12,3.0
324,56.0,61,2.0
324,66.0,22,1.0
325,66.0,27,5.0
325,69.0,67,4.0
325,69.0,25,3.0
325,72.0,24,2.0
325,87.0,55,1.0
326,70.0,55,5.0
326,75.0,33,3.0
326,75.0,25,2.0
326,75.0,16,4.0
326,96.0,67,1.0
327,67.0,44,5.0
327,69.0,42,2.0
327,69.0,13,1.0
327,69.0,53,3.0
327,69.0,50,4.0
328,64.0,13,5.0
328,67.0,25,3.0
328,67.0,51,4.0
328,68.0,24,2.0
328,69.0,48,1.0
329,56.0,1,5.0
329,60.0,50,4.0
329,62.0,55,3.0
329,69.0,53,2.0
329,72.0,59,1.0
330,53.0,25,2.0
330,53.0,51,3.0
330,53.0,16,5.0
330,53.0,50,4.0
330,60.0,53,1.0
331,69.0,42,4.0
331,69.0,53,5.0
331,71.0,64,3.0
331,72.0,50,2.0
331,80.0,67,1.0
332,44.0,46,5.0
332,47.0,1,3.0
332,47.0,25,2.0
332,47.0,16,4.0
332,76.0,29,1.0
333,56.0,50,5.0
333,62.0,17,4.0
333,67.0,13,3.0
333,77.0,42,2.0
333,79.0,29,1.0
334,78.0,55,3.0
334,78.0,51,2.0
334,78.0,24,4.0
334,78.0,34,5.0
334,82.0,13,1.0
335,56.0,48,5.0
335,60.0,51,4.0
335,64.0,17,3.0
335,66.0,21,2.0
335,78.0,42,1.0
336,72.0,1,4.0
336,72.0,16,5.0
336,72.0,56,3.0
336,77.0,59,2.0
336,81.0,67,1.0
337,71.0,67,5.0
337,72.0,25,3.0
337,72.0,24,4.0
337,76.0,55,2.0
337,94.0,29,1.0
338,47.0,43,5.0
338,47.0,66,4.0
338,47.0,51,3.0
338,50.0,25,2.0
338,56.0,12,1.0
339,59.0,29,5.0
339,66.0,62,4.0
339,67.0,42,3.0
339,75.0,57,1.0
339,75.0,32,2.0
340,78.0,25,5.0
340,81.0,24,4.0
340,83.0,55,3.0
340,85.0,51,2.0
340,91.0,31,1.0
341,45.5,56,5.0
341,47.0,51,4.0
341,50.0,25,3.0
341,50.75,67,2.0
341,51.75,16,1.0
342,66.0,24,5.0
342,69.0,1,4.0
342,69.0,25,2.0
342,69.0,51,3.0
342,72.0,17,1.0
343,56.0,51,5.0
343,56.0,56,4.0
343,61.0,42,3.0
343,61.0,29,2.0
343,63.0,13,1.0
344,66.0,25,5.0
344,68.0,48,4.0
344,69.0,11,3.0
344,74.0,2,2.0
344,75.0,55,1.0
345,56.0,53,5.0
345,57.0,55,4.0
345,60.0,12,3.0
345,70.0,42,2.0
345,76.0,13,1.0
346,74.0,11,5.0
346,75.0,25,4.0
346,78.0,24,3.0
346,83.0,55,2.0
346,90.0,67,1.0
347,66.0,32,5.0
347,66.0,54,4.0
347,72.0,21,3.0
347,75.0,48,2.0
347,80.0,67,1.0
348,73.5,57,3.0
348,73.5,32,4.0
348,73.5,62,5.0
348,79.0,67,2.0
348,90.5,42,1.0
349,60.0,25,5.0
349,63.0,46,4.0
349,66.0,1,2.0
349,66.0,53,3.0
349,69.0,51,1.0
350,66.0,1,4.0
350,66.0,16,5.0
350,69.0,25,2.0
350,69.0,51,3.0
350,71.0,67,1.0
351,44.0,51,4.0
351,44.0,13,5.0
351,47.0,1,3.0
351,47.0,25,2.0
351,51.0,42,1.0
352,69.0,51,5.0
352,71.0,48,4.0
352,75.0,13,3.0
352,76.0,55,2.0
352,85.0,30,1.0
353,44.0,56,5.0
353,49.0,17,4.0
353,50.0,25,2.0
353,50.0,55,3.0
353,55.0,67,1.0
354,69.0,62,5.0
354,72.0,57,4.0
354,73.0,67,3.0
354,75.0,32,2.0
354,95.0,42,1.0
355,56.0,1,5.0
355,60.0,42,4.0
355,66.0,53,3.0
355,71.0,55,2.0
355,77.0,12,1.0
356,47.0,66,5.0
356,47.0,51,4.0
356,48.0,55,3.0
356,53.0,1,2.0
356,56.0,12,1.0
357,78.0,24,4.0
357,78.0,34,5.0
357,78.0,64,3.0
357,82.0,13,2.0
357,86.0,45,1.0
358,66.0,53,5.0
358,69.0,67,4.0
358,72.0,17,3.0
358,72.0,50,2.0
358,86.0,20,1.0
359,56.0,25,5.0
359,66.0,1,3.0
359,66.0,16,4.0
359,72.0,17,2.0
359,83.0,67,1.0
360,72.0,62,5.0
360,75.0,53,4.0
360,78.0,57,2.0
360,78.0,32,3.0
360,90.0,42,1.0
361,50.0,25,5.0
361,54.0,49,4.0
361,55.0,17,3.0
361,56.0,55,2.0
361,81.0,67,1.0
362,50.0,66,5.0
362,52.0,42,4.0
362,53.0,51,3.0
362,55.0,17,2.0
362,56.0,1,1.0
363,71.0,42,4.0
363,71.0,12,5.0
363,72.0,29,3.0
363,77.0,13,2.0
363,77.0,61,1.0
364,73.0,55,5.0
364,84.0,13,4.0
364,87.0,42,3.0
364,93.0,21,2.0
364,96.0,61,1.0
365,66.0,25,5.0
365,71.0,55,4.0
365,72.0,16,3.0
365,85.0,67,2.0
365,93.0,60,1.0
366,53.0,25,5.0
366,56.0,50,4.0
366,59.0,31,3.0
366,65.0,20,2.0
366,67.0,67,1.0
367,47.0,25,5.0
367,50.0,55,4.0
367,50.0,56,3.0
367,56.0,33,2.0
367,69.0,67,1.0
368,50.0,56,5.0
368,53.0,1,2.0
368,53.0,53,3.0
368,53.0,50,4.0
368,56.0,55,1.0
369,72.0,24,5.0
369,78.0,25,4.0
369,80.0,55,3.0
369,87.0,67,2.0
369,88.0,16,1.0
370,50.0,25,5.0
370,51.0,49,4.0
370,55.0,40,3.0
370,65.0,67,2.0
370,75.0,42,1.0
371,56.0,1,4.0
371,56.0,50,5.0
371,57.0,42,3.0
371,66.0,59,2.0
371,74.0,12,1.0
372,72.0,57,4.0
372,72.0,32,5.0
372,80.0,55,3.0
372,81.0,42,2.0
372,84.0,48,1.0
373,78.0,53,4.0
373,78.0,62,5.0
373,81.0,57,2.0
373,81.0,32,3.0
373,93.0,42,1.0
374,69.0,51,5.0
374,75.0,67,4.0
374,75.0,25,3.0
374,76.0,17,2.0
374,81.0,20,1.0
375,63.0,24,5.0
375,63.0,50,4.0
375,67.0,42,3.0
375,69.0,1,2.0
375,78.0,53,1.0
376,69.0,25,5.0
376,70.0,13,4.0
376,71.0,49,3.0
376,75.0,16,2.0
376,94.0,67,1.0
377,49.0,55,5.0
377,50.0,1,4.0
377,50.0,25,3.0
377,53.0,12,2.0
377,55.0,67,1.0
378,57.0,11,5.0
378,60.0,25,4.0
378,66.0,16,3.0
378,74.0,40,2.0
378,83.0,67,1.0
379,59.0,55,5.0
379,60.0,33,3.0
379,60.0,16,4.0
379,63.0,25,2.0
379,94.0,67,1.0
380,60.0,17,5.0
380,60.0,13,4.0
380,63.0,67,3.0
380,66.0,40,2.0
380,71.0,29,1.0
381,70.0,67,4.0
381,70.0,17,5.0
381,72.0,42,3.0
381,72.0,40,2.0
381,87.0,12,1.0
382,66.0,25,5.0
382,69.0,57,3.0
382,69.0,62,4.0
382,75.0,32,2.0
382,77.0,67,1.0
383,64.5,55,5.0
383,65.5,42,4.0
383,67.0,61,3.0
383,75.5,13,2.0
383,87.0,29,1.0
384,60.0,25,4.0
384,60.0,48,5.0
384,72.0,41,3.0
384,76.0,55,2.0
384,91.0,16,1.0
385,50.0,50,5.0
385,51.0,40,3.0
385,51.0,12,4.0
385,56.0,1,2.0
385,60.0,53,1.0
386,75.0,25,4.0
386,75.0,24,5.0
386,76.0,55,3.0
386,81.0,40,2.0
386,86.0,67,1.0
387,50.0,67,5.0
387,50.0,51,4.0
387,50.0,56,3.0
387,62.0,13,2.0
387,85.0,29,1.0
388,63.0,12,5.0
388,65.0,40,4.0
388,66.0,55,2.0
388,66.0,13,3.0
388,67.0,37,1.0
389,63.0,67,5.0
389,66.0,32,3.0
389,66.0,62,4.0
389,67.0,20,2.0
389,91.0,42,1.0
390,66.0,42,4.0
390,66.0,25,3.0
390,66.0,32,5.0
390,75.0,67,2.0
390,84.0,48,1.0
391,58.0,55,5.0
391,63.0,25,4.0
391,66.0,43,3.0
391,72.0,33,2.0
391,74.0,67,1.0
392,66.0,51,5.0
392,75.0,21,4.0
392,79.0,41,3.0
392,82.0,48,1.0
392,82.0,65,2.0
393,53.0,25,5.0
393,57.0,67,4.0
393,60.0,29,3.0
393,63.0,42,2.0
393,64.0,55,1.0
394,75.0,25,5.0
394,76.0,12,4.0
394,77.0,55,3.0
394,80.0,17,2.0
394,86.0,40,1.0
395,53.0,25,4.0
395,53.0,56,5.0
395,54.0,55,3.0
395,56.0,51,2.0
395,65.0,29,1.0
396,61.0,29,5.0
396,63.0,67,4.0
396,65.0,55,3.0
396,68.0,40,2.0
396,72.0,17,1.0
397,68.0,20,5.0
397,69.0,43,3.0
397,69.0,25,2.0
397,69.0,16,4.0
397,72.0,33,1.0
398,72.0,51,5.0
398,79.0,61,4.0
398,80.0,29,3.0
398,81.0,13,2.0
398,87.0,21,1.0
399,66.0,50,5.0
399,72.0,62,4.0
399,75.0,57,2.0
399,75.0,32,3.0
399,92.0,42,1.0
400,69.0,25,4.0
400,69.0,7,5.0
400,72.0,24,3.0
400,81.0,6,2.0
400,85.0,55,1.0
401,72.0,53,4.0
401,72.0,50,5.0
401,77.0,42,3.0
401,85.0,44,2.0
401,89.0,12,1.0
402,69.0,51,5.0
402,72.0,57,3.0
402,72.0,62,4.0
402,78.0,32,2.0
402,81.0,42,1.0
403,50.0,66,5.0
403,56.0,1,3.0
403,56.0,51,2.0
403,56.0,53,4.0
403,60.0,50,1.0
404,72.0,51,4.0
404,72.0,24,5.0
404,74.0,36,3.0
404,75.0,25,2.0
404,77.0,55,1.0
405,60.0,25,5.0
405,63.0,32,4.0
405,75.0,67,2.0
405,75.0,42,3.0
405,79.0,17,1.0
406,60.0,25,5.0
406,61.0,67,4.0
406,63.0,42,3.0
406,66.0,53,2.0
406,69.0,50,1.0
407,56.0,43,5.0
407,66.0,33,4.0
407,66.0,55,3.0
407,69.0,25,2.0
407,86.0,67,1.0
408,72.0,51,5.0
408,75.0,25,2.0
408,75.0,16,4.0
408,75.0,24,3.0
408,78.0,55,1.0
409,44.0,1,4.0
409,44.0,56,3.0
409,44.0,53,5.0
409,47.0,46,2.0
409,50.0,25,1.0
410,60.0,1,5.0
410,60.0,36,4.0
410,63.0,51,3.0
410,72.0,55,2.0
410,88.0,67,1.0
411,56.0,1,4.0
411,56.0,54,5.0
411,60.0,50,3.0
411,63.0,42,1.0
411,63.0,53,2.0
412,69.0,53,5.0
412,69.0,11,4.0
412,72.0,55,3.0
412,74.0,67,2.0
412,79.0,48,1.0
413,65.0,17,5.0
413,66.0,50,4.0
413,69.0,1,3.0
413,73.0,42,2.0
413,81.0,53,1.0
414,50.0,51,4.0
414,50.0,24,5.0
414,50.0,56,3.0
414,51.0,55,2.0
414,53.0,1,1.0
415,67.0,67,5.0
415,68.0,17,4.0
415,69.0,53,3.0
415,72.0,50,2.0
415,75.0,20,1.0
416,53.0,25,5.0
416,56.0,16,4.0
416,56.0,49,3.0
416,77.0,55,2.0
416,81.0,67,1.0
417,52.0,40,5.0
417,55.0,17,4.0
417,56.0,42,3.0
417,63.0,13,2.0
417,87.0,29,1.0
418,53.0,51,5.0
418,56.0,25,4.0
418,58.0,55,3.0
418,60.0,53,2.0
418,61.0,42,1.0
419,64.0,48,5.0
419,66.0,62,4.0
419,72.0,32,3.0
419,78.0,67,2.0
419,94.0,42,1.0
420,60.0,61,5.0
420,61.0,42,4.0
420,61.0,55,3.0
420,62.0,37,1.0
420,62.0,13,2.0
421,60.0,12,5.0
421,63.0,17,4.0
421,69.0,53,3.0
421,75.0,50,2.0
421,80.0,42,1.0
422,58.0,12,5.0
422,61.0,42,4.0
422,71.0,13,3.0
422,72.0,67,2.0
422,73.0,29,1.0
423,53.0,43,5.0
423,53.0,1,4.0
423,60.0,16,3.0
423,66.0,25,2.0
423,83.0,67,1.0
424,60.0,1,5.0
424,63.0,51,4.0
424,65.0,42,3.0
424,72.0,50,2.0
424,75.0,53,1.0
425,50.0,33,5.0
425,50.0,55,3.0
425,50.0,59,4.0
425,53.0,25,2.0
425,65.0,67,1.0
426,63.0,24,5.0
426,63.0,48,4.0
426,80.0,67,3.0
426,82.0,55,2.0
426,95.0,11,1.0
427,67.5,16,5.0
427,68.0,48,4.0
427,69.5,55,3.0
427,75.0,61,2.0
427,80.5,21,1.0
428,71.0,42,5.0
428,72.0,1,2.0
428,72.0,62,4.0
428,72.0,54,3.0
428,75.0,53,1.0
429,47.0,25,5.0
429,50.0,55,4.0
429,53.0,53,3.0
429,56.0,50,2.0
429,73.0,12,1.0
430,75.0,55,4.0
430,75.0,16,5.0
430,78.0,26,3.0
430,82.0,67,2.0
430,87.0,40,1.0
431,72.0,25,5.0
431,75.0,16,4.0
431,81.0,11,3.0
431,82.0,55,2.0
431,84.0,67,1.0
432,47.0,17,5.0
432,48.0,55,4.0
432,50.0,50,3.0
432,57.0,12,2.0
432,65.0,67,1.0
433,53.0,54,5.0
433,56.0,67,4.0
433,60.0,12,3.0
433,60.0,53,2.0
433,73.0,42,1.0
434,60.0,51,5.0
434,65.0,65,4.0
434,66.0,67,3.0
434,68.0,48,2.0
434,77.0,17,1.0
435,50.0,25,4.0
435,50.0,57,5.0
435,53.0,32,3.0
435,56.0,53,2.0
435,63.0,42,1.0
436,50.0,66,5.0
436,53.0,33,4.0
436,53.0,1,3.0
436,53.0,25,2.0
436,64.0,67,1.0
437,57.0,55,5.0
437,60.0,40,4.0
437,65.0,29,3.0
437,69.0,13,2.0
437,75.0,42,1.0
438,55.0,67,5.0
438,71.0,29,4.0
438,75.0,53,2.0
438,75.0,50,3.0
438,78.0,42,1.0
439,57.0,40,5.0
439,58.0,67,4.0
439,62.0,42,3.0
439,63.0,13,2.0
439,83.0,29,1.0
440,53.0,50,5.0
440,54.0,64,4.0
440,55.0,20,3.0
440,67.0,42,2.0
440,68.0,59,1.0
441,66.0,56,3.0
441,66.0,53,4.0
441,66.0,50,5.0
441,67.0,42,2.0
441,90.0,29,1.0
442,56.0,1,5.0
442,57.0,67,3.0
442,57.0,17,4.0
442,60.0,25,2.0
442,75.0,20,1.0
443,69.0,1,4.0
443,69.0,16,5.0
443,69.0,56,3.0
443,74.0,20,2.0
443,75.0,17,1.0
444,53.0,66,4.0
444,53.0,53,5.0
444,56.0,1,3.0
444,60.0,46,2.0
444,70.0,67,1.0
445,53.0,25,5.0
445,56.0,1,3.0
445,56.0,17,4.0
445,66.0,50,2.0
445,72.0,53,1.0
446,66.0,13,3.0
446,66.0,44,2.0
446,66.0,53,4.0
446,66.0,50,5.0
446,82.0,12,1.0
447,50.0,56,5.0
447,51.0,13,4.0
447,53.0,61,3.0
447,55.0,42,2.0
447,81.0,29,1.0
448,56.0,51,5.0
448,56.0,56,4.0
448,63.0,25,2.0
448,63.0,16,3.0
448,68.0,42,1.0
449,50.0,25,4.0
449,50.0,51,5.0
449,51.0,67,2.0
449,51.0,42,3.0
449,59.0,29,1.0
450,56.0,1,4.0
450,56.0,25,3.0
450,56.0,24,5.0
450,63.0,53,2.0
450,66.0,54,1.0
451,57.0,13,5.0
451,69.0,40,4.0
451,75.0,49,3.0
451,85.0,42,2.0
451,91.0,67,1.0
452,62.0,42,5.0
452,63.0,20,4.0
452,66.0,53,3.0
452,72.0,50,2.0
452,74.0,67,1.0
453,66.0,25,4.0
453,66.0,16,5.0
453,69.0,33,3.0
453,70.0,55,2.0
453,85.0,67,1.0
454,56.0,25,3.0
454,56.0,16,5.0
454,56.0,30,4.0
454,62.0,13,2.0
454,73.0,67,1.0
455,62.0,42,5.0
455,69.0,1,3.0
455,69.0,54,4.0
455,75.0,53,1.0
455,75.0,50,2.0
456,60.0,50,5.0
456,61.0,42,4.0
456,63.0,53,3.0
456,65.0,20,2.0
456,74.0,17,1.0
457,67.0,12,5.0
457,75.0,21,4.0
457,78.0,61,3.0
457,83.0,13,2.0
457,87.0,42,1.0
458,62.0,55,5.0
458,64.5,51,4.0
458,66.0,24,3.0
458,77.5,48,2.0
458,80.5,21,1.0
459,51.0,67,5.0
459,52.0,55,4.0
459,56.0,40,2.0
459,56.0,61,3.0
459,77.0,29,1.0
460,62.0,61,5.0
460,63.0,12,4.0
460,65.0,29,3.0
460,68.0,42,2.0
460,80.0,13,1.0
461,56.0,55,5.0
461,59.0,42,4.0
461,60.0,50,3.0
461,63.0,53,2.0
461,68.0,13,1.0
462,56.0,1,4.0
462,56.0,16,5.0
462,60.0,55,3.0
462,63.0,25,2.0
462,73.0,17,1.0
463,53.0,51,4.0
463,53.0,37,5.0
463,56.0,61,3.0
463,60.0,25,2.0
463,75.0,67,1.0
464,60.0,12,5.0
464,61.0,13,4.0
464,69.0,50,3.0
464,72.0,42,2.0
464,78.0,53,1.0
465,56.0,16,5.0
465,59.0,41,4.0
465,66.0,7,3.0
465,81.0,24,2.0
465,99.0,55,1.0
466,56.0,1,4.0
466,56.0,16,5.0
466,57.0,31,3.0
466,68.0,17,2.0
466,69.0,55,1.0
467,44.0,25,5.0
467,45.0,55,4.0
467,47.0,51,2.0
467,47.0,56,1.0
467,47.0,50,3.0
468,72.0,14,5.0
468,75.0,25,3.0
468,75.0,16,4.0
468,81.0,67,2.0
468,91.0,49,1.0
469,50.0,25,5.0
469,52.0,13,4.0
469,59.0,55,3.0
469,62.0,17,2.0
469,68.0,67,1.0
470,60.0,25,5.0
470,63.0,16,4.0
470,72.0,51,2.0
470,72.0,50,3.0
470,75.0,53,1.0
471,66.0,42,5.0
471,67.0,44,4.0
471,68.0,12,3.0
471,75.0,50,2.0
471,78.0,53,1.0
472,58.0,40,4.0
472,58.0,17,5.0
472,63.0,42,3.0
472,72.0,50,2.0
472,75.0,53,1.0
473,67.5,24,5.0
473,72.0,51,3.0
473,72.0,53,4.0
473,73.5,1,2.0
473,73.5,25,1.0
474,72.0,16,5.0
474,75.0,25,3.0
474,75.0,24,4.0
474,79.0,55,2.0
474,88.0,11,1.0
475,61.0,1,4.0
475,61.0,17,5.0
475,67.0,50,3.0
475,71.0,53,2.0
475,73.66666667,42,1.0
476,50.0,25,5.0
476,53.0,33,4.0
476,56.0,1,3.0
476,61.0,67,1.0
476,61.0,55,2.0
477,50.0,51,5.0
477,53.0,53,3.0
477,53.0,50,4.0
477,55.0,42,2.0
477,56.0,12,1.0
478,72.0,67,5.0
478,75.0,53,4.0
478,78.0,50,3.0
478,80.0,17,2.0
478,83.0,20,1.0
479,56.0,25,4.0
479,56.0,13,5.0
479,61.0,55,3.0
479,62.0,36,2.0
479,78.0,67,1.0
480,56.0,1,5.0
480,62.0,12,4.0
480,63.0,54,3.0
480,66.0,50,2.0
480,69.0,53,1.0
481,72.0,25,3.0
481,72.0,14,5.0
481,72.0,47,4.0
481,88.0,67,2.0
481,89.0,49,1.0
482,66.0,51,5.0
482,69.0,1,4.0
482,69.0,13,3.0
482,75.0,53,2.0
482,79.0,42,1.0
483,66.0,62,5.0
483,69.0,53,3.0
483,69.0,57,2.0
483,69.0,32,4.0
483,82.0,42,1.0
484,72.0,24,5.0
484,75.0,7,4.0
484,76.0,67,3.0
484,76.0,11,2.0
484,80.0,55,1.0
485,60.0,36,5.0
485,67.0,11,4.0
485,68.0,17,3.0
485,70.0,55,2.0
485,76.0,64,1.0
486,53.0,51,3.0
486,53.0,12,5.0
486,53.0,50,4.0
486,56.0,1,2.0
486,60.0,53,1.0
487,57.0,29,5.0
487,58.0,55,4.0
487,60.0,40,3.0
487,61.0,13,2.0
487,67.0,67,1.0
488,51.0,42,5.0
488,51.0,40,4.0
488,57.0,13,3.0
488,64.0,29,2.0
488,68.0,67,1.0
489,72.0,51,4.0
489,72.0,26,5.0
489,73.0,67,2.0
489,73.0,20,3.0
489,75.0,13,1.0
490,51.0,42,5.0
490,53.0,1,4.0
490,53.0,25,2.0
490,53.0,51,3.0
490,57.0,12,1.0
491,50.0,17,5.0
491,50.0,25,3.0
491,50.0,56,4.0
491,55.0,40,2.0
491,85.0,67,1.0
492,53.0,25,5.0
492,54.0,55,4.0
492,57.0,29,3.0
492,67.0,67,2.0
492,68.0,42,1.0
493,52.0,55,5.0
493,56.0,25,4.0
493,60.0,33,3.0
493,62.0,67,2.0
493,63.0,16,1.0
494,57.0,20,5.0
494,63.0,55,3.0
494,63.0,53,4.0
494,66.0,50,2.0
494,81.0,17,1.0
495,57.0,13,5.0
495,59.0,17,4.0
495,61.0,40,3.0
495,64.0,42,2.0
495,77.0,29,1.0
496,68.0,13,5.0
496,69.0,40,4.0
496,72.0,25,2.0
496,72.0,24,3.0
496,83.0,12,1.0
497,60.0,17,5.0
497,60.0,51,4.0
497,66.0,53,3.0
497,70.0,55,2.0
497,73.0,12,1.0
498,63.0,25,4.0
498,63.0,51,5.0
498,69.0,24,3.0
498,74.0,48,2.0
498,84.0,64,1.0
499,61.0,13,5.0
499,66.0,1,4.0
499,69.0,53,2.0
499,69.0,50,3.0
499,71.0,12,1.0
500,53.0,1,5.0
500,53.0,51,4.0
500,57.0,42,3.0
500,69.0,12,2.0
500,69.0,53,1.0
501,58.0,12,5.0
501,63.0,42,2.0
501,63.0,1,3.0
501,63.0,50,4.0
501,69.0,53,1.0
502,56.0,40,5.0
502,57.0,55,4.0
502,60.0,13,3.0
502,65.0,61,2.0
502,76.0,29,1.0
503,62.0,13,5.0
503,63.0,54,4.0
503,65.0,42,3.0
503,69.0,50,2.0
503,72.0,53,1.0
504,60.0,50,5.0
504,63.0,57,4.0
504,65.0,42,3.0
504,66.0,32,1.0
504,66.0,62,2.0
505,56.0,1,5.0
505,56.0,55,4.0
505,60.0,59,3.0
505,69.0,67,2.0
505,71.0,12,1.0
506,72.0,24,4.0
506,72.0,7,5.0
506,75.0,25,3.0
506,94.0,55,2.0
506,95.0,11,1.0
507,60.0,61,5.0
507,61.0,17,4.0
507,66.0,51,3.0
507,75.0,29,2.0
507,79.0,13,1.0
508,59.0,55,5.0
508,60.0,43,4.0
508,63.0,50,3.0
508,71.0,17,2.0
508,84.0,20,1.0
509,69.0,25,5.0
509,78.0,24,4.0
509,82.0,48,3.0
509,95.0,55,2.0
509,97.0,7,1.0
510,57.0,20,5.0
510,59.0,21,4.0
510,62.0,67,3.0
510,62.0,29,2.0
510,67.0,42,1.0
511,63.0,29,5.0
511,66.0,42,4.0
511,67.0,20,3.0
511,69.0,53,1.0
511,69.0,50,2.0
512,57.0,55,5.0
512,60.0,51,3.0
512,60.0,50,4.0
512,75.0,53,2.0
512,80.0,42,1.0
513,44.0,27,3.0
513,44.0,66,5.0
513,44.0,25,2.0
513,44.0,51,4.0
513,53.0,1,1.0
514,56.0,33,5.0
514,61.0,17,4.0
514,63.0,25,3.0
514,66.0,20,2.0
514,70.0,67,1.0
515,69.0,67,5.0
515,75.0,25,3.0
515,75.0,24,4.0
515,78.0,11,2.0
515,85.0,52,1.0
516,70.0,55,5.0
516,70.0,44,4.0
516,72.0,67,3.0
516,73.0,60,2.0
516,73.0,36,1.0
517,57.0,55,5.0
517,57.0,61,4.0
517,59.0,40,3.0
517,61.0,13,2.0
517,90.0,29,1.0
518,58.0,17,5.0
518,59.0,55,4.0
518,63.0,67,3.0
518,66.0,56,2.0
518,90.0,29,1.0
519,53.0,25,5.0
519,56.0,51,4.0
519,64.0,42,3.0
519,69.0,53,2.0
519,72.0,50,1.0
520,66.0,25,4.0
520,66.0,55,5.0
520,73.0,17,2.0
520,73.0,48,1.0
520,73.0,20,3.0
521,61.66666667,51,5.0
521,64.66666667,54,4.0
521,66.33333333,20,3.0
521,67.66666667,55,2.0
521,72.33333333,42,1.0
522,58.0,61,5.0
522,59.0,13,4.0
522,60.0,53,3.0
522,61.0,42,2.0
522,65.0,12,1.0
523,51.5,1,5.0
523,51.75,61,4.0
523,54.0,42,3.0
523,54.5,53,2.0
523,67.0,12,1.0
524,67.5,55,5.0
524,71.0,13,4.0
524,72.0,25,2.0
524,72.0,51,3.0
524,75.0,24,1.0
525,61.0,12,5.0
525,63.0,1,4.0
525,66.0,42,3.0
525,72.0,17,2.0
525,72.0,53,1.0
526,73.0,48,5.0
526,75.0,32,4.0
526,75.0,54,3.0
526,78.0,57,2.0
526,81.0,62,1.0
527,53.0,1,4.0
527,53.0,16,5.0
527,63.0,25,3.0
527,73.0,13,2.0
527,78.0,67,1.0
528,63.0,51,5.0
528,66.0,54,4.0
528,69.0,62,3.0
528,72.0,32,2.0
528,82.0,67,1.0
529,60.0,25,5.0
529,63.0,6,4.0
529,75.0,55,2.0
529,75.0,16,3.0
529,78.0,67,1.0
530,56.0,54,5.0
530,63.0,51,4.0
530,68.0,29,3.0
530,71.0,67,2.0
530,73.0,42,1.0
531,53.0,25,5.0
531,57.0,55,4.0
531,63.0,1,3.0
531,65.0,12,2.0
531,66.0,53,1.0
532,71.0,40,5.0
532,72.0,50,4.0
532,75.0,53,3.0
532,82.0,42,2.0
532,90.0,12,1.0
533,50.0,25,5.0
533,54.0,48,4.0
533,60.0,24,3.0
533,69.0,55,2.0
533,80.0,11,1.0
534,50.0,1,5.0
534,50.0,27,3.0
534,50.0,51,4.0
534,60.0,54,2.0
534,69.0,53,1.0
535,60.0,54,5.0
535,63.0,12,4.0
535,69.0,13,3.0
535,72.0,53,2.0
535,73.0,42,1.0
536,67.0,55,5.0
536,72.0,17,4.0
536,72.0,53,2.0
536,72.0,50,3.0
536,86.0,20,1.0
537,60.0,25,5.0
537,61.0,42,4.0
537,63.0,51,3.0
537,66.0,48,2.0
537,68.0,12,1.0
538,50.0,56,5.0
538,56.0,33,4.0
538,62.0,55,3.0
538,64.0,59,2.0
538,67.0,67,1.0
539,53.0,25,5.0
539,56.0,13,4.0
539,69.0,53,2.0
539,69.0,50,3.0
539,73.0,12,1.0
540,61.5,55,5.0
540,61.5,21,4.0
540,64.0,48,3.0
540,66.0,51,1.0
540,66.0,24,2.0
541,55.0,12,5.0
541,57.0,67,4.0
541,60.0,32,3.0
541,61.0,55,2.0
541,62.0,42,1.0
542,58.0,21,5.0
542,60.0,50,4.0
542,66.0,61,3.0
542,69.0,42,2.0
542,72.0,13,1.0
543,60.0,50,5.0
543,62.0,55,4.0
543,63.0,13,2.0
543,63.0,53,3.0
543,76.0,12,1.0
544,65.0,13,5.0
544,69.0,55,4.0
544,72.0,25,2.0
544,72.0,24,3.0
544,89.0,67,1.0
545,72.0,24,5.0
545,75.0,16,4.0
545,78.0,25,3.0
545,80.0,55,2.0
545,85.0,67,1.0
546,55.0,17,5.0
546,61.0,55,4.0
546,63.0,53,3.0
546,69.0,50,2.0
546,77.0,42,1.0
547,75.0,24,5.0
547,77.0,55,4.0
547,78.0,25,3.0
547,89.0,49,2.0
547,90.0,67,1.0
548,61.0,61,5.0
548,63.0,53,4.0
548,67.0,12,3.0
548,71.0,29,2.0
548,80.0,13,1.0
549,47.0,1,5.0
549,47.0,51,4.0
549,50.0,61,3.0
549,52.0,49,2.0
549,75.0,12,1.0
550,50.0,56,5.0
550,53.0,25,3.0
550,53.0,51,4.0
550,56.0,50,2.0
550,59.0,29,1.0
551,58.0,42,5.0
551,60.0,55,4.0
551,61.0,44,3.0
551,63.0,13,2.0
551,79.0,12,1.0
552,69.0,25,3.0
552,69.0,16,5.0
552,69.0,14,4.0
552,73.0,49,2.0
552,82.0,67,1.0
553,64.0,49,5.0
553,71.0,55,4.0
553,75.0,17,3.0
553,82.0,67,1.0
553,82.0,59,2.0
554,73.0,55,5.0
554,74.0,20,4.0
554,77.0,42,3.0
554,77.0,13,2.0
554,90.0,29,1.0
555,63.0,27,5.0
555,66.0,51,4.0
555,69.0,50,3.0
555,71.0,12,2.0
555,72.0,53,1.0
556,55.0,55,5.0
556,56.0,51,2.0
556,56.0,12,4.0
556,56.0,53,3.0
556,60.0,1,1.0
557,69.0,51,4.0
557,69.0,50,5.0
557,71.0,13,3.0
557,75.0,53,2.0
557,76.0,42,1.0
558,53.0,25,5.0
558,60.0,1,4.0
558,74.0,55,3.0
558,75.0,53,1.0
558,75.0,50,2.0
559,63.0,55,5.0
559,66.0,57,3.0
559,66.0,62,4.0
559,69.0,32,2.0
559,85.0,42,1.0
560,66.0,1,3.0
560,66.0,17,5.0
560,66.0,50,4.0
560,68.0,20,2.0
560,75.0,53,1.0
561,50.0,1,5.0
561,51.0,13,4.0
561,53.0,42,3.0
561,60.0,53,2.0
561,61.0,12,1.0
562,60.0,53,5.0
562,61.0,21,4.0
562,66.0,50,3.0
562,70.0,13,2.0
562,74.0,61,1.0
563,67.0,55,5.0
563,69.0,42,4.0
563,73.0,21,3.0
563,84.0,48,2.0
563,89.0,65,1.0
564,53.0,25,4.0
564,53.0,49,5.0
564,59.0,12,3.0
564,72.0,59,2.0
564,78.0,67,1.0
565,60.0,1,5.0
565,64.0,42,4.0
565,67.0,12,3.0
565,69.0,53,1.0
565,69.0,50,2.0
566,53.0,50,5.0
566,58.0,42,4.0
566,65.0,17,3.0
566,79.0,20,2.0
566,80.0,67,1.0
567,75.0,25,4.0
567,75.0,24,5.0
567,76.0,55,3.0
567,76.0,26,2.0
567,86.0,67,1.0
568,56.0,21,5.0
568,62.0,42,4.0
568,65.0,37,3.0
568,66.0,13,2.0
568,79.0,12,1.0
569,54.0,67,5.0
569,56.0,53,4.0
569,64.0,55,3.0
569,70.0,17,2.0
569,72.0,50,1.0
570,72.0,24,5.0
570,73.5,25,4.0
570,74.0,55,3.0
570,76.0,13,2.0
570,91.0,26,1.0
571,53.0,1,4.0
571,53.0,50,5.0
571,68.0,42,3.0
571,68.0,13,2.0
571,69.0,53,1.0
572,50.0,1,4.0
572,50.0,51,3.0
572,50.0,24,5.0
572,59.0,55,2.0
572,71.0,67,1.0
573,66.0,43,4.0
573,66.0,16,5.0
573,69.0,33,3.0
573,72.0,25,2.0
573,79.0,67,1.0
574,60.0,40,5.0
574,64.0,13,4.0
574,65.0,17,3.0
574,75.0,59,2.0
574,76.0,12,1.0
575,72.0,55,4.0
575,72.0,24,5.0
575,73.0,13,3.0
575,75.0,25,2.0
575,76.0,26,1.0
576,57.0,67,5.0
576,61.0,61,4.0
576,64.0,13,3.0
576,65.0,40,2.0
576,79.0,29,1.0
577,66.0,25,5.0
577,72.0,32,4.0
577,76.0,49,3.0
577,81.0,67,2.0
577,99.0,42,1.0
578,60.0,57,5.0
578,62.0,67,4.0
578,63.0,42,2.0
578,63.0,32,3.0
578,75.0,48,1.0
579,46.5,42,5.0
579,47.0,51,3.0
579,47.0,54,4.0
579,48.5,1,2.0
579,58.0,12,1.0
580,56.0,25,4.0
580,56.0,16,5.0
580,62.0,55,3.0
580,70.0,67,1.0
580,70.0,20,2.0
581,53.0,51,5.0
581,56.0,24,4.0
581,66.0,55,3.0
581,72.0,25,1.0
581,72.0,16,2.0
582,53.0,56,5.0
582,60.0,25,3.0
582,60.0,59,4.0
582,61.0,12,2.0
582,65.0,67,1.0
583,53.0,1,5.0
583,54.0,29,4.0
583,56.0,42,3.0
583,66.0,53,2.0
583,78.0,50,1.0
584,47.0,25,5.0
584,50.0,16,4.0
584,50.0,56,3.0
584,53.0,55,2.0
584,53.0,29,1.0
585,67.0,17,5.0
585,69.0,43,3.0
585,69.0,16,4.0
585,80.0,55,2.0
585,84.0,67,1.0
586,51.0,40,5.0
586,53.0,25,3.0
586,53.0,53,4.0
586,60.0,50,2.0
586,79.0,12,1.0
587,69.0,43,5.0
587,70.0,67,4.0
587,72.0,14,3.0
587,75.0,16,2.0
587,75.0,49,1.0
588,60.0,18,4.0
588,60.0,1,5.0
588,60.0,37,3.0
588,72.0,40,2.0
588,76.0,67,1.0
589,66.0,51,5.0
589,69.0,1,3.0
589,69.0,25,2.0
589,69.0,24,4.0
589,78.0,54,1.0
590,69.0,25,5.0
590,75.0,24,4.0
590,78.0,11,3.0
590,88.0,31,2.0
590,91.0,55,1.0
591,50.0,33,3.0
591,50.0,43,4.0
591,50.0,25,2.0
591,50.0,16,5.0
591,59.0,67,1.0
592,56.0,7,5.0
592,57.0,11,4.0
592,60.0,16,3.0
592,60.0,24,2.0
592,63.0,51,1.0
593,56.0,57,5.0
593,58.0,55,4.0
593,60.0,62,3.0
593,60.0,54,2.0
593,66.0,53,1.0
594,66.0,43,5.0
594,66.0,11,4.0
594,75.0,25,2.0
594,75.0,16,3.0
594,78.0,67,1.0
595,72.0,25,5.0
595,75.0,24,4.0
595,75.0,53,2.0
595,75.0,50,3.0
595,77.0,45,1.0
596,69.0,55,5.0
596,69.0,48,4.0
596,78.0,31,3.0
596,82.0,17,2.0
596,85.0,1,1.0
597,63.0,33,5.0
597,69.0,48,4.0
597,74.0,55,3.0
597,82.0,11,2.0
597,85.0,67,1.0
598,56.0,1,5.0
598,60.0,53,4.0
598,62.0,42,3.0
598,66.0,29,2.0
598,75.0,50,1.0
599,56.0,42,5.0
599,56.0,51,4.0
599,60.0,12,3.0
599,60.0,53,2.0
599,63.0,40,1.0
600,56.0,1,5.0
600,61.0,55,4.0
600,64.0,67,2.0
600,64.0,49,3.0
600,71.0,40,1.0
601,53.0,1,5.0
601,56.0,25,4.0
601,60.0,53,3.0
601,62.0,42,2.0
601,64.0,12,1.0
602,50.0,25,5.0
602,53.0,1,3.0
602,53.0,66,2.0
602,53.0,53,4.0
602,56.0,24,1.0
603,60.0,55,5.0
603,67.0,42,4.0
603,69.0,53,3.0
603,72.0,50,2.0
603,76.0,12,1.0
604,48.0,42,5.0
604,50.0,44,4.0
604,53.0,50,3.0
604,56.0,67,2.0
604,60.0,55,1.0
605,53.0,1,5.0
605,62.0,12,4.0
605,63.0,54,3.0
605,75.0,53,1.0
605,75.0,50,2.0
606,56.0,16,5.0
606,59.0,13,4.0
606,60.0,25,2.0
606,60.0,55,3.0
606,74.0,67,1.0
607,50.33333333,61,4.0
607,50.33333333,54,5.0
607,52.0,51,3.0
607,60.66666667,12,2.0
607,63.66666667,67,1.0
608,75.0,25,4.0
608,75.0,16,5.0
608,80.0,55,3.0
608,85.0,67,1.0
608,85.0,20,2.0
609,66.0,25,4.0
609,66.0,16,5.0
609,73.0,55,3.0
609,78.0,67,2.0
609,80.0,11,1.0
610,66.0,25,4.0
610,66.0,24,5.0
610,69.0,55,3.0
610,76.0,67,2.0
610,88.0,11,1.0
611,75.0,25,3.0
611,75.0,16,5.0
611,75.0,24,4.0
611,78.0,40,2.0
611,86.0,52,1.0
612,63.0,43,5.0
612,67.0,55,4.0
612,72.0,25,3.0
612,75.0,16,2.0
612,76.0,67,1.0
613,56.0,43,5.0
613,56.0,55,4.0
613,60.0,33,3.0
613,66.0,25,2.0
613,80.0,67,1.0
614,47.0,42,5.0
614,49.0,12,4.0
614,50.0,25,3.0
614,53.0,53,2.0
614,56.0,50,1.0
615,72.0,67,5.0
615,72.0,25,4.0
615,75.0,7,3.0
615,78.0,55,2.0
615,90.0,11,1.0
616,63.0,51,5.0
616,64.5,55,4.0
616,67.0,13,3.0
616,72.0,64,2.0
616,79.0,48,1.0
617,60.0,1,5.0
617,60.0,25,4.0
617,69.0,21,3.0
617,70.0,12,2.0
617,83.0,61,1.0
618,50.0,25,5.0
618,56.0,1,4.0
618,60.0,54,3.0
618,63.0,50,2.0
618,72.0,53,1.0
619,66.0,51,5.0
619,69.0,25,4.0
619,75.0,53,3.0
619,78.0,50,2.0
619,87.0,20,1.0
620,63.0,43,4.0
620,63.0,25,3.0
620,63.0,16,5.0
620,72.0,13,2.0
620,78.0,67,1.0
621,51.0,55,5.0
621,51.0,37,4.0
621,53.0,40,3.0
621,58.0,12,2.0
621,77.0,67,1.0
622,50.0,25,5.0
622,51.0,12,4.0
622,53.0,1,3.0
622,53.0,56,2.0
622,68.0,59,1.0
623,56.0,33,5.0
623,56.0,17,4.0
623,60.0,43,3.0
623,60.0,55,2.0
623,81.0,67,1.0
624,58.0,24,5.0
624,59.5,16,4.0
624,62.5,25,3.0
624,68.5,67,2.0
624,69.5,11,1.0
625,53.0,25,5.0
625,56.0,51,4.0
625,57.0,55,3.0
625,60.0,1,2.0
625,74.0,17,1.0
626,53.0,1,5.0
626,56.0,54,4.0
626,57.0,42,3.0
626,63.0,50,2.0
626,66.0,53,1.0
627,50.0,25,5.0
627,53.0,1,3.0
627,53.0,56,2.0
627,53.0,54,4.0
627,72.0,12,1.0
628,50.0,25,5.0
628,56.0,53,4.0
628,62.0,37,3.0
628,65.0,42,2.0
628,71.0,12,1.0
629,52.0,48,5.0
629,55.0,42,4.0
629,56.0,53,2.0
629,56.0,54,3.0
629,57.0,12,1.0
630,61.0,52,5.0
630,62.0,13,4.0
630,62.0,59,3.0
630,63.0,16,2.0
630,63.0,63,1.0
631,53.0,25,4.0
631,53.0,44,5.0
631,56.0,12,3.0
631,56.0,50,2.0
631,66.0,53,1.0
632,66.0,55,5.0
632,73.0,67,4.0
632,79.0,60,3.0
632,80.0,61,2.0
632,87.0,12,1.0
633,60.0,1,5.0
633,72.0,42,3.0
633,72.0,50,4.0
633,74.0,12,2.0
633,75.0,53,1.0
634,53.0,55,4.0
634,53.0,57,5.0
634,55.0,12,3.0
634,56.0,53,1.0
634,56.0,54,2.0
635,59.0,40,5.0
635,62.0,55,4.0
635,63.0,12,3.0
635,64.0,67,2.0
635,64.0,36,1.0
636,53.0,67,5.0
636,56.0,25,3.0
636,56.0,51,4.0
636,58.0,13,2.0
636,70.0,12,1.0
637,53.0,67,5.0
637,56.0,50,4.0
637,59.0,42,3.0
637,59.0,13,2.0
637,72.0,12,1.0
638,56.0,33,5.0
638,56.0,55,4.0
638,60.0,25,3.0
638,70.0,13,2.0
638,77.0,67,1.0
639,53.0,25,5.0
639,56.0,67,4.0
639,58.0,42,3.0
639,60.0,53,1.0
639,60.0,50,2.0
640,58.0,12,5.0
640,59.0,13,4.0
640,63.0,61,3.0
640,66.0,55,2.0
640,75.0,48,1.0
641,60.0,33,5.0
641,61.0,49,4.0
641,61.0,48,3.0
641,66.0,25,2.0
641,79.0,67,1.0
642,62.0,67,5.0
642,63.0,48,4.0
642,67.0,55,3.0
642,69.0,24,2.0
642,74.0,11,1.0
643,75.0,16,5.0
643,75.0,31,4.0
643,78.0,55,3.0
643,82.0,67,2.0
643,87.0,49,1.0
644,69.0,33,5.0
644,75.0,25,3.0
644,75.0,16,4.0
644,81.0,55,2.0
644,90.0,67,1.0
645,62.0,11,5.0
645,63.0,55,3.0
645,63.0,13,4.0
645,64.5,24,2.0
645,67.5,44,1.0
646,68.0,13,5.0
646,69.0,25,3.0
646,69.0,24,4.0
646,73.0,55,2.0
646,78.0,11,1.0
647,66.0,24,5.0
647,66.5,55,4.0
647,72.0,16,3.0
647,77.0,67,2.0
647,78.0,25,1.0
648,53.0,55,5.0
648,56.0,33,4.0
648,60.0,16,3.0
648,63.0,25,2.0
648,80.0,67,1.0
649,41.0,51,5.0
649,44.0,16,4.0
649,47.0,25,2.0
649,47.0,46,3.0
649,50.0,43,1.0
650,54.0,55,5.0
650,56.0,13,4.0
650,60.0,25,2.0
650,60.0,12,3.0
650,63.0,54,1.0
651,59.0,26,5.0
651,60.0,30,4.0
651,71.0,13,3.0
651,72.0,11,2.0
651,80.0,67,1.0
652,72.0,7,5.0
652,73.0,48,4.0
652,76.0,31,3.0
652,84.0,55,2.0
652,94.0,11,1.0
653,71.0,48,5.0
653,75.0,25,4.0
653,77.0,17,3.0
653,78.0,16,2.0
653,80.0,67,1.0
654,60.0,33,5.0
654,63.0,25,3.0
654,63.0,16,4.0
654,64.0,20,2.0
654,73.0,67,1.0
655,72.0,25,4.0
655,72.0,51,5.0
655,73.5,24,3.0
655,80.0,67,2.0
655,80.5,55,1.0
656,72.0,33,5.0
656,72.0,24,4.0
656,75.0,25,2.0
656,75.0,16,3.0
656,76.0,67,1.0
657,63.0,25,5.0
657,66.0,55,4.0
657,66.0,3,3.0
657,75.0,51,1.0
657,75.0,26,2.0
658,56.0,1,5.0
658,58.0,13,4.0
658,62.0,42,3.0
658,64.0,12,2.0
658,69.0,53,1.0
659,54.0,55,5.0
659,56.0,25,3.0
659,56.0,12,4.0
659,57.0,11,2.0
659,60.0,16,1.0
660,72.0,40,5.0
660,75.0,16,4.0
660,75.0,24,3.0
660,77.0,67,2.0
660,78.0,11,1.0
661,55.0,37,5.0
661,56.0,17,4.0
661,56.0,53,3.0
661,63.0,42,2.0
661,69.0,12,1.0
662,53.0,1,3.0
662,53.0,24,5.0
662,53.0,53,4.0
662,61.0,67,2.0
662,79.0,12,1.0
663,61.0,48,5.0
663,63.0,25,4.0
663,68.0,55,3.0
663,71.0,13,2.0
663,91.0,67,1.0
664,53.0,3,5.0
664,56.0,66,4.0
664,57.0,37,3.0
664,63.0,51,1.0
664,63.0,16,2.0
665,63.0,25,5.0
665,69.0,16,3.0
665,69.0,7,4.0
665,70.0,55,2.0
665,81.0,67,1.0
666,72.0,55,5.0
666,73.0,26,4.0
666,75.0,25,2.0
666,75.0,16,3.0
666,91.0,67,1.0
667,72.0,16,5.0
667,72.0,24,4.0
667,73.0,11,3.0
667,75.0,25,2.0
667,83.0,67,1.0
668,69.0,24,5.0
668,71.0,67,4.0
668,72.0,25,2.0
668,72.0,16,3.0
668,77.0,55,1.0
669,64.5,16,5.0
669,67.5,25,4.0
669,73.0,11,3.0
669,78.5,55,2.0
669,86.5,67,1.0
670,51.0,13,5.0
670,56.0,62,4.0
670,56.0,54,3.0
670,60.0,32,2.0
670,65.0,42,1.0
671,66.0,1,5.0
671,68.0,55,4.0
671,69.0,24,3.0
671,82.0,67,2.0
671,84.0,11,1.0
672,58.0,48,5.0
672,59.0,11,4.0
672,60.0,24,3.0
672,71.0,55,2.0
672,78.0,67,1.0
673,71.0,49,5.0
673,72.0,11,4.0
673,75.0,25,2.0
673,75.0,16,3.0
673,89.0,67,1.0
674,60.0,25,4.0
674,60.0,54,5.0
674,63.0,53,3.0
674,68.0,48,2.0
674,73.0,67,1.0
675,64.0,26,5.0
675,66.0,13,4.0
675,68.0,67,3.0
675,72.0,25,1.0
675,72.0,24,2.0
676,66.0,25,5.0
676,68.0,55,4.0
676,72.0,16,3.0
676,77.0,67,2.0
676,84.0,20,1.0
677,50.0,25,5.0
677,58.0,21,4.0
677,66.0,32,3.0
677,69.0,67,2.0
677,82.0,42,1.0
678,72.0,66,4.0
678,72.0,25,3.0
678,72.0,24,5.0
678,76.0,55,2.0
678,79.0,60,1.0
679,79.0,25,5.0
679,83.0,24,4.0
679,88.0,51,3.0
679,92.0,30,2.0
679,100.0,13,1.0
680,51.0,13,5.0
680,52.0,49,4.0
680,52.0,12,3.0
680,60.0,61,2.0
680,75.0,67,1.0
681,64.0,55,5.0
681,75.0,25,4.0
681,78.0,14,3.0
681,80.0,49,2.0
681,81.0,16,1.0
